{
    "$schema": "https://schema.management.azure.com/schemas/2015-01-01/deploymentParameters.json#",
    "contentVersion": "1.0.0.0",
    "parameters": {
        "serverfarms_aspdemoDev_name": {
            "value": null
        },
        "sites_aspdemoDevf07657d9_name": {
            "value": null
        },
        "alertrules_CPUHigh_aspdemoDev_name": {
            "value": null
        },
        "components_aspdemoDevf07657d9_name": {
            "value": null
        },
        "config_web_name": {
            "value": null
        },
        "slots_stage_name": {
            "value": null
        },
        "alertrules_LongHttpQueue_aspdemoDev_name": {
            "value": null
        },
        "autoscalesettings_aspdemoDev_aspdemoDev_name": {
            "value": null
        },
        "alertrules_ServerErrors_aspdemoDevf07657d9_name": {
            "value": null
        },
        "config_web_name_1": {
            "value": null
        },
        "alertrules_ForbiddenRequests_aspdemoDevf07657d9_name": {
            "value": null
        },
        "hostNameBindings_aspdemodevf07657d9.azurewebsites.net_name": {
            "value": null
        },
        "hostNameBindings_aspdemodevf07657d9_stage.azurewebsites.net_name": {
            "value": null
        }
    }
}