{
    "$schema": "https://schema.management.azure.com/schemas/2015-01-01/deploymentTemplate.json#",
    "contentVersion": "1.0.0.0",
    "parameters": {
        "serverfarms_aspdemoDev_name": {
            "defaultValue": "aspdemoDev",
            "type": "String"
        },
        "sites_aspdemoDevf07657d9_name": {
            "defaultValue": "aspdemoDevf07657d9",
            "type": "String"
        },
        "alertrules_CPUHigh_aspdemoDev_name": {
            "defaultValue": "CPUHigh aspdemoDev",
            "type": "String"
        },
        "components_aspdemoDevf07657d9_name": {
            "defaultValue": "aspdemoDevf07657d9",
            "type": "String"
        },
        "config_web_name": {
            "defaultValue": "web",
            "type": "String"
        },
        "slots_stage_name": {
            "defaultValue": "stage",
            "type": "String"
        },
        "alertrules_LongHttpQueue_aspdemoDev_name": {
            "defaultValue": "LongHttpQueue aspdemoDev",
            "type": "String"
        },
        "autoscalesettings_aspdemoDev_aspdemoDev_name": {
            "defaultValue": "aspdemoDev-aspdemoDev",
            "type": "String"
        },
        "alertrules_ServerErrors_aspdemoDevf07657d9_name": {
            "defaultValue": "ServerErrors aspdemoDevf07657d9",
            "type": "String"
        },
        "config_web_name_1": {
            "defaultValue": "web",
            "type": "String"
        },
        "alertrules_ForbiddenRequests_aspdemoDevf07657d9_name": {
            "defaultValue": "ForbiddenRequests aspdemoDevf07657d9",
            "type": "String"
        },
        "hostNameBindings_aspdemodevf07657d9.azurewebsites.net_name": {
            "defaultValue": "aspdemodevf07657d9.azurewebsites.net",
            "type": "String"
        },
        "hostNameBindings_aspdemodevf07657d9_stage.azurewebsites.net_name": {
            "defaultValue": "aspdemodevf07657d9-stage.azurewebsites.net",
            "type": "String"
        }
    },
    "variables": {},
    "resources": [
        {
            "comments": "Generalized from resource: '/subscriptions/121d7d3b-2911-4154-9aa8-65132fe82e74/resourceGroups/aspdemoDev/providers/microsoft.insights/alertrules/CPUHigh aspdemoDev'.",
            "type": "microsoft.insights/alertrules",
            "name": "[parameters('alertrules_CPUHigh_aspdemoDev_name')]",
            "apiVersion": "2014-04-01",
            "location": "centralus",
            "tags": {
                "displayName": "CPUHighAlertRule",
                "hidden-link:/subscriptions/121d7d3b-2911-4154-9aa8-65132fe82e74/resourceGroups/aspdemoDev/providers/Microsoft.Web/serverfarms/aspdemoDev": "Resource"
            },
            "scale": null,
            "properties": {
                "name": "[parameters('alertrules_CPUHigh_aspdemoDev_name')]",
                "description": "The average CPU is high across all the instances of aspdemoDev",
                "isEnabled": false,
                "condition": {
                    "odata.type": "Microsoft.Azure.Management.Insights.Models.ThresholdRuleCondition",
                    "dataSource": {
                        "odata.type": "Microsoft.Azure.Management.Insights.Models.RuleMetricDataSource",
                        "resourceUri": "[resourceId('Microsoft.Web/serverfarms', parameters('serverfarms_aspdemoDev_name'))]",
                        "metricNamespace": null,
                        "metricName": "CpuPercentage"
                    },
                    "operator": "GreaterThan",
                    "threshold": 90,
                    "windowSize": "PT15M"
                },
                "action": {
                    "odata.type": "Microsoft.Azure.Management.Insights.Models.RuleEmailAction",
                    "sendToServiceOwners": true,
                    "customEmails": []
                }
            },
            "dependsOn": [
                "[resourceId('Microsoft.Web/serverfarms', parameters('serverfarms_aspdemoDev_name'))]"
            ]
        },
        {
            "comments": "Generalized from resource: '/subscriptions/121d7d3b-2911-4154-9aa8-65132fe82e74/resourceGroups/aspdemoDev/providers/microsoft.insights/alertrules/ForbiddenRequests aspdemoDevf07657d9'.",
            "type": "microsoft.insights/alertrules",
            "name": "[parameters('alertrules_ForbiddenRequests_aspdemoDevf07657d9_name')]",
            "apiVersion": "2014-04-01",
            "location": "centralus",
            "tags": {
                "displayName": "ForbiddenRequestsAlertRule",
                "hidden-link:/subscriptions/121d7d3b-2911-4154-9aa8-65132fe82e74/resourceGroups/aspdemoDev/providers/Microsoft.Web/sites/aspdemoDevf07657d9": "Resource"
            },
            "scale": null,
            "properties": {
                "name": "[parameters('alertrules_ForbiddenRequests_aspdemoDevf07657d9_name')]",
                "description": "aspdemoDevf07657d9 has some requests that are forbidden, status code 403.",
                "isEnabled": false,
                "condition": {
                    "odata.type": "Microsoft.Azure.Management.Insights.Models.ThresholdRuleCondition",
                    "dataSource": {
                        "odata.type": "Microsoft.Azure.Management.Insights.Models.RuleMetricDataSource",
                        "resourceUri": "[resourceId('Microsoft.Web/sites', parameters('sites_aspdemoDevf07657d9_name'))]",
                        "metricNamespace": null,
                        "metricName": "Http403"
                    },
                    "operator": "GreaterThan",
                    "threshold": 0,
                    "windowSize": "PT5M"
                },
                "action": {
                    "odata.type": "Microsoft.Azure.Management.Insights.Models.RuleEmailAction",
                    "sendToServiceOwners": true,
                    "customEmails": []
                }
            },
            "dependsOn": [
                "[resourceId('Microsoft.Web/sites', parameters('sites_aspdemoDevf07657d9_name'))]"
            ]
        },
        {
            "comments": "Generalized from resource: '/subscriptions/121d7d3b-2911-4154-9aa8-65132fe82e74/resourceGroups/aspdemoDev/providers/microsoft.insights/alertrules/LongHttpQueue aspdemoDev'.",
            "type": "microsoft.insights/alertrules",
            "name": "[parameters('alertrules_LongHttpQueue_aspdemoDev_name')]",
            "apiVersion": "2014-04-01",
            "location": "centralus",
            "tags": {
                "displayName": "LongHttpQueueAlertRule",
                "hidden-link:/subscriptions/121d7d3b-2911-4154-9aa8-65132fe82e74/resourceGroups/aspdemoDev/providers/Microsoft.Web/serverfarms/aspdemoDev": "Resource"
            },
            "scale": null,
            "properties": {
                "name": "[parameters('alertrules_LongHttpQueue_aspdemoDev_name')]",
                "description": "The HTTP queue for the instances of aspdemoDev has a large number of pending requests.",
                "isEnabled": false,
                "condition": {
                    "odata.type": "Microsoft.Azure.Management.Insights.Models.ThresholdRuleCondition",
                    "dataSource": {
                        "odata.type": "Microsoft.Azure.Management.Insights.Models.RuleMetricDataSource",
                        "resourceUri": "[resourceId('Microsoft.Web/serverfarms', parameters('serverfarms_aspdemoDev_name'))]",
                        "metricNamespace": null,
                        "metricName": "HttpQueueLength"
                    },
                    "operator": "GreaterThan",
                    "threshold": 100,
                    "windowSize": "PT5M"
                },
                "action": {
                    "odata.type": "Microsoft.Azure.Management.Insights.Models.RuleEmailAction",
                    "sendToServiceOwners": true,
                    "customEmails": []
                }
            },
            "dependsOn": [
                "[resourceId('Microsoft.Web/serverfarms', parameters('serverfarms_aspdemoDev_name'))]"
            ]
        },
        {
            "comments": "Generalized from resource: '/subscriptions/121d7d3b-2911-4154-9aa8-65132fe82e74/resourceGroups/aspdemoDev/providers/microsoft.insights/alertrules/ServerErrors aspdemoDevf07657d9'.",
            "type": "microsoft.insights/alertrules",
            "name": "[parameters('alertrules_ServerErrors_aspdemoDevf07657d9_name')]",
            "apiVersion": "2014-04-01",
            "location": "centralus",
            "tags": {
                "displayName": "ServerErrorsAlertRule",
                "hidden-link:/subscriptions/121d7d3b-2911-4154-9aa8-65132fe82e74/resourceGroups/aspdemoDev/providers/Microsoft.Web/sites/aspdemoDevf07657d9": "Resource"
            },
            "scale": null,
            "properties": {
                "name": "[parameters('alertrules_ServerErrors_aspdemoDevf07657d9_name')]",
                "description": "aspdemoDevf07657d9 has some server errors, status code 5xx.",
                "isEnabled": false,
                "condition": {
                    "odata.type": "Microsoft.Azure.Management.Insights.Models.ThresholdRuleCondition",
                    "dataSource": {
                        "odata.type": "Microsoft.Azure.Management.Insights.Models.RuleMetricDataSource",
                        "resourceUri": "[resourceId('Microsoft.Web/sites', parameters('sites_aspdemoDevf07657d9_name'))]",
                        "metricNamespace": null,
                        "metricName": "Http5xx"
                    },
                    "operator": "GreaterThan",
                    "threshold": 0,
                    "windowSize": "PT5M"
                },
                "action": {
                    "odata.type": "Microsoft.Azure.Management.Insights.Models.RuleEmailAction",
                    "sendToServiceOwners": true,
                    "customEmails": []
                }
            },
            "dependsOn": [
                "[resourceId('Microsoft.Web/sites', parameters('sites_aspdemoDevf07657d9_name'))]"
            ]
        },
        {
            "comments": "Generalized from resource: '/subscriptions/121d7d3b-2911-4154-9aa8-65132fe82e74/resourceGroups/aspdemoDev/providers/microsoft.insights/autoscalesettings/aspdemoDev-aspdemoDev'.",
            "type": "microsoft.insights/autoscalesettings",
            "name": "[parameters('autoscalesettings_aspdemoDev_aspdemoDev_name')]",
            "apiVersion": "2014-04-01",
            "location": "centralus",
            "tags": {
                "displayName": "AutoScaleSettings",
                "hidden-link:/subscriptions/121d7d3b-2911-4154-9aa8-65132fe82e74/resourceGroups/aspdemoDev/providers/Microsoft.Web/serverfarms/aspdemoDev": "Resource"
            },
            "scale": null,
            "properties": {
                "profiles": [
                    {
                        "name": "Default",
                        "capacity": {
                            "minimum": "1",
                            "maximum": "2",
                            "default": "1"
                        },
                        "rules": [
                            {
                                "metricTrigger": {
                                    "metricName": "CpuPercentage",
                                    "metricNamespace": "",
                                    "metricResourceUri": "[resourceId('Microsoft.Web/serverfarms', parameters('serverfarms_aspdemoDev_name'))]",
                                    "timeGrain": "PT1M",
                                    "statistic": "Average",
                                    "timeWindow": "PT10M",
                                    "timeAggregation": "Average",
                                    "operator": "GreaterThan",
                                    "threshold": 80
                                },
                                "scaleAction": {
                                    "direction": "Increase",
                                    "type": "ChangeCount",
                                    "value": "1",
                                    "cooldown": "PT10M"
                                }
                            },
                            {
                                "metricTrigger": {
                                    "metricName": "CpuPercentage",
                                    "metricNamespace": "",
                                    "metricResourceUri": "[resourceId('Microsoft.Web/serverfarms', parameters('serverfarms_aspdemoDev_name'))]",
                                    "timeGrain": "PT1M",
                                    "statistic": "Average",
                                    "timeWindow": "PT1H",
                                    "timeAggregation": "Average",
                                    "operator": "LessThan",
                                    "threshold": 60
                                },
                                "scaleAction": {
                                    "direction": "Decrease",
                                    "type": "ChangeCount",
                                    "value": "1",
                                    "cooldown": "PT1H"
                                }
                            }
                        ]
                    }
                ],
                "enabled": false,
                "name": "[parameters('autoscalesettings_aspdemoDev_aspdemoDev_name')]",
                "targetResourceUri": "[resourceId('Microsoft.Web/serverfarms', parameters('serverfarms_aspdemoDev_name'))]"
            },
            "dependsOn": [
                "[resourceId('Microsoft.Web/serverfarms', parameters('serverfarms_aspdemoDev_name'))]"
            ]
        },
        {
            "comments": "Generalized from resource: '/subscriptions/121d7d3b-2911-4154-9aa8-65132fe82e74/resourceGroups/aspdemoDev/providers/microsoft.insights/components/aspdemoDevf07657d9'.",
            "type": "microsoft.insights/components",
            "kind": "web",
            "name": "[parameters('components_aspdemoDevf07657d9_name')]",
            "apiVersion": "2014-04-01",
            "location": "southcentralus",
            "tags": {
                "displayName": "AppInsightsComponent",
                "hidden-link:/subscriptions/121d7d3b-2911-4154-9aa8-65132fe82e74/resourceGroups/aspdemoDev/providers/Microsoft.Web/sites/aspdemoDevf07657d9": "Resource"
            },
            "scale": null,
            "properties": {
                "ApplicationId": "[parameters('components_aspdemoDevf07657d9_name')]"
            },
            "dependsOn": []
        },
        {
            "comments": "Generalized from resource: '/subscriptions/121d7d3b-2911-4154-9aa8-65132fe82e74/resourceGroups/aspdemoDev/providers/Microsoft.Web/serverfarms/aspdemoDev'.",
            "type": "Microsoft.Web/serverfarms",
            "sku": {
                "name": "S1",
                "tier": "Standard",
                "size": "S1",
                "family": "S",
                "capacity": 1
            },
            "kind": "app",
            "name": "[parameters('serverfarms_aspdemoDev_name')]",
            "apiVersion": "2016-09-01",
            "location": "Central US",
            "tags": {
                "displayName": "HostingPlan"
            },
            "scale": null,
            "properties": {
                "name": "[parameters('serverfarms_aspdemoDev_name')]",
                "workerTierName": null,
                "adminSiteName": null,
                "hostingEnvironmentProfile": null,
                "perSiteScaling": false,
                "reserved": false,
                "targetWorkerCount": 0,
                "targetWorkerSizeId": 0
            },
            "dependsOn": []
        },
        {
            "comments": "Generalized from resource: '/subscriptions/121d7d3b-2911-4154-9aa8-65132fe82e74/resourceGroups/aspdemoDev/providers/Microsoft.Web/sites/aspdemoDevf07657d9'.",
            "type": "Microsoft.Web/sites",
            "kind": "app",
            "name": "[parameters('sites_aspdemoDevf07657d9_name')]",
            "apiVersion": "2016-08-01",
            "location": "Central US",
            "tags": {
                "displayName": "Website",
                "hidden-related:/subscriptions/121d7d3b-2911-4154-9aa8-65132fe82e74/resourceGroups/aspdemoDev/providers/Microsoft.Web/serverfarms/aspdemoDev": "Resource"
            },
            "scale": null,
            "properties": {
                "enabled": true,
                "hostNameSslStates": [
                    {
                        "name": "[concat(parameters('sites_aspdemoDevf07657d9_name'),'aspdemodevf07657d9.azurewebsites.net')]",
                        "sslState": "Disabled",
                        "virtualIP": null,
                        "thumbprint": null,
                        "toUpdate": null,
                        "hostType": "Standard"
                    },
                    {
                        "name": "[concat(parameters('sites_aspdemoDevf07657d9_name'),'aspdemodevf07657d9.scm.azurewebsites.net')]",
                        "sslState": "Disabled",
                        "virtualIP": null,
                        "thumbprint": null,
                        "toUpdate": null,
                        "hostType": "Repository"
                    }
                ],
                "serverFarmId": "[resourceId('Microsoft.Web/serverfarms', parameters('serverfarms_aspdemoDev_name'))]",
                "reserved": false,
                "siteConfig": null,
                "scmSiteAlsoStopped": false,
                "hostingEnvironmentProfile": null,
                "clientAffinityEnabled": true,
                "clientCertEnabled": false,
                "hostNamesDisabled": false,
                "containerSize": 0,
                "dailyMemoryTimeQuota": 0,
                "cloningInfo": null
            },
            "dependsOn": [
                "[resourceId('Microsoft.Web/serverfarms', parameters('serverfarms_aspdemoDev_name'))]"
            ]
        },
        {
            "comments": "Generalized from resource: '/subscriptions/121d7d3b-2911-4154-9aa8-65132fe82e74/resourceGroups/aspdemoDev/providers/Microsoft.Web/sites/aspdemoDevf07657d9/config/web'.",
            "type": "Microsoft.Web/sites/config",
            "name": "[concat(parameters('sites_aspdemoDevf07657d9_name'), '/', parameters('config_web_name'))]",
            "apiVersion": "2016-08-01",
            "location": "Central US",
            "tags": {
                "displayName": "Website",
                "hidden-related:/subscriptions/121d7d3b-2911-4154-9aa8-65132fe82e74/resourceGroups/aspdemoDev/providers/Microsoft.Web/serverfarms/aspdemoDev": "Resource"
            },
            "scale": null,
            "properties": {
                "numberOfWorkers": 1,
                "defaultDocuments": [
                    "Default.htm",
                    "Default.html",
                    "Default.asp",
                    "index.htm",
                    "index.html",
                    "iisstart.htm",
                    "default.aspx",
                    "index.php",
                    "hostingstart.html"
                ],
                "netFrameworkVersion": "v4.0",
                "phpVersion": "5.6",
                "pythonVersion": "",
                "nodeVersion": "",
                "linuxFxVersion": "",
                "requestTracingEnabled": false,
                "remoteDebuggingEnabled": false,
                "remoteDebuggingVersion": null,
                "httpLoggingEnabled": false,
                "logsDirectorySizeLimit": 35,
                "detailedErrorLoggingEnabled": false,
                "publishingUsername": "$aspdemoDevf07657d9",
                "publishingPassword": null,
                "appSettings": null,
                "metadata": null,
                "connectionStrings": null,
                "machineKey": null,
                "handlerMappings": null,
                "documentRoot": null,
                "scmType": "None",
                "use32BitWorkerProcess": true,
                "webSocketsEnabled": false,
                "alwaysOn": false,
                "javaVersion": null,
                "javaContainer": null,
                "javaContainerVersion": null,
                "appCommandLine": "",
                "managedPipelineMode": "Integrated",
                "virtualApplications": [
                    {
                        "virtualPath": "/",
                        "physicalPath": "site\\wwwroot",
                        "preloadEnabled": false,
                        "virtualDirectories": null
                    }
                ],
                "winAuthAdminState": 0,
                "winAuthTenantState": 0,
                "customAppPoolIdentityAdminState": false,
                "customAppPoolIdentityTenantState": false,
                "runtimeADUser": null,
                "runtimeADUserPassword": null,
                "loadBalancing": "LeastRequests",
                "routingRules": [],
                "experiments": {
                    "rampUpRules": []
                },
                "limits": null,
                "autoHealEnabled": false,
                "autoHealRules": null,
                "tracingOptions": null,
                "vnetName": "",
                "siteAuthEnabled": false,
                "siteAuthSettings": {
                    "enabled": null,
                    "unauthenticatedClientAction": null,
                    "tokenStoreEnabled": null,
                    "allowedExternalRedirectUrls": null,
                    "defaultProvider": null,
                    "clientId": null,
                    "clientSecret": null,
                    "issuer": null,
                    "allowedAudiences": null,
                    "additionalLoginParams": null,
                    "isAadAutoProvisioned": false,
                    "googleClientId": null,
                    "googleClientSecret": null,
                    "googleOAuthScopes": null,
                    "facebookAppId": null,
                    "facebookAppSecret": null,
                    "facebookOAuthScopes": null,
                    "twitterConsumerKey": null,
                    "twitterConsumerSecret": null,
                    "microsoftAccountClientId": null,
                    "microsoftAccountClientSecret": null,
                    "microsoftAccountOAuthScopes": null
                },
                "cors": null,
                "push": null,
                "apiDefinition": null,
                "autoSwapSlotName": null,
                "localMySqlEnabled": false,
                "ipSecurityRestrictions": null
            },
            "dependsOn": [
                "[resourceId('Microsoft.Web/sites', parameters('sites_aspdemoDevf07657d9_name'))]"
            ]
        },
        {
            "comments": "Generalized from resource: '/subscriptions/121d7d3b-2911-4154-9aa8-65132fe82e74/resourceGroups/aspdemoDev/providers/Microsoft.Web/sites/aspdemoDevf07657d9/hostNameBindings/aspdemodevf07657d9.azurewebsites.net'.",
            "type": "Microsoft.Web/sites/hostNameBindings",
            "name": "[concat(parameters('sites_aspdemoDevf07657d9_name'), '/', parameters('hostNameBindings_aspdemodevf07657d9.azurewebsites.net_name'))]",
            "apiVersion": "2016-08-01",
            "location": "Central US",
            "scale": null,
            "properties": {
                "siteName": "aspdemoDevf07657d9",
                "domainId": null,
                "hostNameType": "Verified"
            },
            "dependsOn": [
                "[resourceId('Microsoft.Web/sites', parameters('sites_aspdemoDevf07657d9_name'))]"
            ]
        },
        {
            "comments": "Generalized from resource: '/subscriptions/121d7d3b-2911-4154-9aa8-65132fe82e74/resourceGroups/aspdemoDev/providers/Microsoft.Web/sites/aspdemoDevf07657d9/slots/stage'.",
            "type": "Microsoft.Web/sites/slots",
            "kind": "app",
            "name": "[concat(parameters('sites_aspdemoDevf07657d9_name'), '/', parameters('slots_stage_name'))]",
            "apiVersion": "2016-08-01",
            "location": "Central US",
            "scale": null,
            "properties": {
                "enabled": true,
                "hostNameSslStates": [
                    {
                        "name": "[concat('aspdemodevf07657d9-', parameters('slots_stage_name'),'.azurewebsites.net')]",
                        "sslState": "Disabled",
                        "virtualIP": null,
                        "thumbprint": null,
                        "toUpdate": null,
                        "hostType": "Standard"
                    },
                    {
                        "name": "[concat('aspdemodevf07657d9-', parameters('slots_stage_name'),'.scm.azurewebsites.net')]",
                        "sslState": "Disabled",
                        "virtualIP": null,
                        "thumbprint": null,
                        "toUpdate": null,
                        "hostType": "Repository"
                    }
                ],
                "serverFarmId": "[resourceId('Microsoft.Web/serverfarms', parameters('serverfarms_aspdemoDev_name'))]",
                "reserved": false,
                "siteConfig": null,
                "scmSiteAlsoStopped": false,
                "hostingEnvironmentProfile": null,
                "clientAffinityEnabled": true,
                "clientCertEnabled": false,
                "hostNamesDisabled": false,
                "containerSize": 0,
                "dailyMemoryTimeQuota": 0,
                "cloningInfo": null
            },
            "dependsOn": [
                "[resourceId('Microsoft.Web/sites', parameters('sites_aspdemoDevf07657d9_name'))]",
                "[resourceId('Microsoft.Web/serverfarms', parameters('serverfarms_aspdemoDev_name'))]"
            ]
        },
        {
            "comments": "Generalized from resource: '/subscriptions/121d7d3b-2911-4154-9aa8-65132fe82e74/resourceGroups/aspdemoDev/providers/Microsoft.Web/sites/aspdemoDevf07657d9/slots/stage/config/web'.",
            "type": "Microsoft.Web/sites/slots/config",
            "name": "[concat(parameters('sites_aspdemoDevf07657d9_name'), '/', parameters('slots_stage_name'), '/', parameters('config_web_name_1'))]",
            "apiVersion": "2016-08-01",
            "location": "Central US",
            "scale": null,
            "properties": {
                "numberOfWorkers": 1,
                "defaultDocuments": [
                    "Default.htm",
                    "Default.html",
                    "Default.asp",
                    "index.htm",
                    "index.html",
                    "iisstart.htm",
                    "default.aspx",
                    "index.php",
                    "hostingstart.html"
                ],
                "netFrameworkVersion": "v4.0",
                "phpVersion": "5.6",
                "pythonVersion": "",
                "nodeVersion": "",
                "linuxFxVersion": "",
                "requestTracingEnabled": false,
                "remoteDebuggingEnabled": false,
                "remoteDebuggingVersion": "VS2012",
                "httpLoggingEnabled": false,
                "logsDirectorySizeLimit": 35,
                "detailedErrorLoggingEnabled": false,
                "publishingUsername": "$aspdemoDevf07657d9__stage",
                "publishingPassword": null,
                "appSettings": null,
                "metadata": null,
                "connectionStrings": null,
                "machineKey": null,
                "handlerMappings": null,
                "documentRoot": null,
                "scmType": "None",
                "use32BitWorkerProcess": true,
                "webSocketsEnabled": false,
                "alwaysOn": false,
                "javaVersion": null,
                "javaContainer": null,
                "javaContainerVersion": null,
                "appCommandLine": "",
                "managedPipelineMode": "Integrated",
                "virtualApplications": [
                    {
                        "virtualPath": "/",
                        "physicalPath": "site\\wwwroot",
                        "preloadEnabled": false,
                        "virtualDirectories": null
                    }
                ],
                "winAuthAdminState": 0,
                "winAuthTenantState": 0,
                "customAppPoolIdentityAdminState": false,
                "customAppPoolIdentityTenantState": false,
                "runtimeADUser": null,
                "runtimeADUserPassword": null,
                "loadBalancing": "LeastRequests",
                "routingRules": [],
                "experiments": {
                    "rampUpRules": []
                },
                "limits": null,
                "autoHealEnabled": false,
                "autoHealRules": {
                    "triggers": null,
                    "actions": null
                },
                "tracingOptions": null,
                "vnetName": "",
                "siteAuthEnabled": false,
                "siteAuthSettings": {
                    "enabled": null,
                    "unauthenticatedClientAction": null,
                    "tokenStoreEnabled": null,
                    "allowedExternalRedirectUrls": null,
                    "defaultProvider": null,
                    "clientId": null,
                    "clientSecret": null,
                    "issuer": null,
                    "allowedAudiences": null,
                    "additionalLoginParams": null,
                    "isAadAutoProvisioned": false,
                    "googleClientId": null,
                    "googleClientSecret": null,
                    "googleOAuthScopes": null,
                    "facebookAppId": null,
                    "facebookAppSecret": null,
                    "facebookOAuthScopes": null,
                    "twitterConsumerKey": null,
                    "twitterConsumerSecret": null,
                    "microsoftAccountClientId": null,
                    "microsoftAccountClientSecret": null,
                    "microsoftAccountOAuthScopes": null
                },
                "cors": null,
                "push": null,
                "apiDefinition": null,
                "autoSwapSlotName": null,
                "localMySqlEnabled": false,
                "ipSecurityRestrictions": null
            },
            "dependsOn": [
                "[resourceId('Microsoft.Web/sites', parameters('sites_aspdemoDevf07657d9_name'))]",
                "[resourceId('Microsoft.Web/sites/slots', parameters('sites_aspdemoDevf07657d9_name'), parameters('slots_stage_name'))]"
            ]
        },
        {
            "comments": "Generalized from resource: '/subscriptions/121d7d3b-2911-4154-9aa8-65132fe82e74/resourceGroups/aspdemoDev/providers/Microsoft.Web/sites/aspdemoDevf07657d9/slots/stage/hostNameBindings/aspdemodevf07657d9-stage.azurewebsites.net'.",
            "type": "Microsoft.Web/sites/slots/hostNameBindings",
            "name": "[concat(parameters('sites_aspdemoDevf07657d9_name'), '/', parameters('slots_stage_name'), '/', parameters('hostNameBindings_aspdemodevf07657d9_stage.azurewebsites.net_name'))]",
            "apiVersion": "2016-08-01",
            "location": "Central US",
            "scale": null,
            "properties": {
                "siteName": "aspdemoDevf07657d9(stage)",
                "domainId": null,
                "hostNameType": "Verified"
            },
            "dependsOn": [
                "[resourceId('Microsoft.Web/sites', parameters('sites_aspdemoDevf07657d9_name'))]",
                "[resourceId('Microsoft.Web/sites/slots', parameters('sites_aspdemoDevf07657d9_name'), parameters('slots_stage_name'))]"
            ]
        }
    ]
}